{
  "compliance_rate": 1.0,
  "accuracy": 0.5202702702702703,
  "f1_score": 0.48175182481751827,
  "confusion_matrix": [
    [
      44,
      45
    ],
    [
      26,
      33
    ]
  ]
}