{
  "accuracy": 0.6530612244897959,
  "f1_score": 0.6565211256612088,
  "confusion_matrix": [
    [
      80,
      8,
      0
    ],
    [
      38,
      21,
      0
    ],
    [
      0,
      0,
      0
    ]
  ]
}