{
  "accuracy": 0.6230769230769231,
  "f1_score": 0.6119071808013262,
  "confusion_matrix": [
    [
      61,
      19,
      0
    ],
    [
      30,
      20,
      0
    ],
    [
      0,
      0,
      0
    ]
  ]
}