{
  "accuracy": 0.6792452830188679,
  "f1_score": 0.6241706406800747,
  "confusion_matrix": [
    [
      61,
      2,
      0
    ],
    [
      32,
      11,
      0
    ],
    [
      0,
      0,
      0
    ]
  ]
}