{
  "accuracy": 0.6065573770491803,
  "f1_score": 0.6054928677879496,
  "confusion_matrix": [
    [
      16,
      13,
      0
    ],
    [
      11,
      21,
      0
    ],
    [
      0,
      0,
      0
    ]
  ]
}