{
  "accuracy": 0.5275590551181102,
  "f1_score": 0.5062634216177523,
  "confusion_matrix": [
    [
      25,
      51,
      0
    ],
    [
      9,
      42,
      0
    ],
    [
      0,
      0,
      0
    ]
  ]
}