{
  "accuracy": 0.6976744186046512,
  "f1_score": 0.696197350308451,
  "confusion_matrix": [
    [
      58,
      18,
      0
    ],
    [
      21,
      32,
      0
    ],
    [
      0,
      0,
      0
    ]
  ]
}