{
  "accuracy": 0.7350427350427351,
  "f1_score": 0.705516558259854,
  "confusion_matrix": [
    [
      71,
      5,
      0
    ],
    [
      26,
      15,
      0
    ],
    [
      0,
      0,
      0
    ]
  ]
}