{
  "accuracy": 0.7322834645669292,
  "f1_score": 0.7120978594411357,
  "confusion_matrix": [
    [
      72,
      7,
      0
    ],
    [
      27,
      21,
      0
    ],
    [
      0,
      0,
      0
    ]
  ]
}