{
  "accuracy": 0.5531914893617021,
  "f1_score": 0.5560283687943263,
  "confusion_matrix": [
    [
      42,
      42,
      0
    ],
    [
      21,
      36,
      0
    ],
    [
      0,
      0,
      0
    ]
  ]
}