{
  "accuracy": 0.6788990825688074,
  "f1_score": 0.6462239565315658,
  "confusion_matrix": [
    [
      59,
      6,
      0
    ],
    [
      29,
      15,
      0
    ],
    [
      0,
      0,
      0
    ]
  ]
}