{
  "accuracy": 0.6458333333333334,
  "f1_score": 0.6353510351035103,
  "confusion_matrix": [
    [
      68,
      19,
      0
    ],
    [
      32,
      25,
      0
    ],
    [
      0,
      0,
      0
    ]
  ]
}