{
  "accuracy": 0.7364341085271318,
  "f1_score": 0.7234505670752664,
  "confusion_matrix": [
    [
      70,
      9,
      0
    ],
    [
      25,
      25,
      0
    ],
    [
      0,
      0,
      0
    ]
  ]
}