{
  "accuracy": 0.7307692307692307,
  "f1_score": 0.6802676687345935,
  "confusion_matrix": [
    [
      82,
      1,
      0
    ],
    [
      34,
      13,
      0
    ],
    [
      0,
      0,
      0
    ]
  ]
}