{
  "accuracy": 0.7235772357723578,
  "f1_score": 0.6741435976355361,
  "confusion_matrix": [
    [
      77,
      2,
      0
    ],
    [
      32,
      12,
      0
    ],
    [
      0,
      0,
      0
    ]
  ]
}