{
  "accuracy": 0.7068965517241379,
  "f1_score": 0.656935736677116,
  "confusion_matrix": [
    [
      71,
      3,
      0
    ],
    [
      31,
      11,
      0
    ],
    [
      0,
      0,
      0
    ]
  ]
}