{
  "accuracy": 0.5846153846153846,
  "f1_score": 0.5869952439539453,
  "confusion_matrix": [
    [
      44,
      31,
      0
    ],
    [
      23,
      32,
      0
    ],
    [
      0,
      0,
      0
    ]
  ]
}