{
  "accuracy": 0.6548672566371682,
  "f1_score": 0.6578196793130641,
  "confusion_matrix": [
    [
      43,
      24,
      0
    ],
    [
      15,
      31,
      0
    ],
    [
      0,
      0,
      0
    ]
  ]
}