{
  "accuracy": 0.7086614173228346,
  "f1_score": 0.6530821609838743,
  "confusion_matrix": [
    [
      81,
      4,
      0
    ],
    [
      33,
      9,
      0
    ],
    [
      0,
      0,
      0
    ]
  ]
}