{
  "accuracy": 0.6370967741935484,
  "f1_score": 0.6278762330745071,
  "confusion_matrix": [
    [
      56,
      17,
      0
    ],
    [
      28,
      23,
      0
    ],
    [
      0,
      0,
      0
    ]
  ]
}