{
  "accuracy": 0.616822429906542,
  "f1_score": 0.621112874573011,
  "confusion_matrix": [
    [
      40,
      25,
      0
    ],
    [
      16,
      26,
      0
    ],
    [
      0,
      0,
      0
    ]
  ]
}