{
  "accuracy": 0.7710843373493976,
  "f1_score": 0.7130167352062126,
  "confusion_matrix": [
    [
      60,
      1,
      0
    ],
    [
      18,
      4,
      0
    ],
    [
      0,
      0,
      0
    ]
  ]
}