{
  "accuracy": 0.6967213114754098,
  "f1_score": 0.6852147414625409,
  "confusion_matrix": [
    [
      62,
      12,
      0
    ],
    [
      25,
      23,
      0
    ],
    [
      0,
      0,
      0
    ]
  ]
}