{
  "accuracy": 0.5986394557823129,
  "f1_score": 0.5783627608346709,
  "confusion_matrix": [
    [
      71,
      13,
      4
    ],
    [
      41,
      17,
      1
    ],
    [
      0,
      0,
      0
    ]
  ]
}