{
  "accuracy": 0.5867768595041323,
  "f1_score": 0.5695802257609354,
  "confusion_matrix": [
    [
      55,
      18,
      0
    ],
    [
      32,
      16,
      0
    ],
    [
      0,
      0,
      0
    ]
  ]
}