{
  "accuracy": 0.47572815533980584,
  "f1_score": 0.45059965733866364,
  "confusion_matrix": [
    [
      16,
      43,
      0
    ],
    [
      10,
      33,
      1
    ],
    [
      0,
      0,
      0
    ]
  ]
}